<?xml version="1.0" encoding="UTF-8"?>
<project-private xmlns="http://www.netbeans.org/ns/project-private/1">
    <editor-bookmarks xmlns="http://www.netbeans.org/ns/editor-bookmarks/2" lastBookmarkId="0"/>
    <open-files xmlns="http://www.netbeans.org/ns/projectui-open-files/2">
        <group>
            <file>file:/C:/MCU_Exercise/IDE_V615/AVR128DA48/AVR128DA48_SPI_TFT.X/AVR128Dx_TFT_LCD.c</file>
            <file>file:/C:/MCU_Exercise/IDE_V615/AVR128DA48/AVR128DA48_SPI_TFT.X/main.c</file>
            <file>file:/C:/MCU_Exercise/IDE_V615/AVR128DA48/AVR128DA48_SPI_TFT.X/AVR128Dx_TFT_LCD.h</file>
            <file>file:/C:/MCU_Exercise/IDE_V615/AVR128DA48/AVR128DA48_SPI_TFT.X/MCP79411.c</file>
            <file>file:/C:/MCU_Exercise/IDE_V615/AVR128DA48/AVR128DA48_SPI_TFT.X/MCP79411.h</file>
        </group>
    </open-files>
</project-private>
